feature_group,n_features,cv_auroc_mean,cv_auroc_std,cv_auprc_mean,cv_auprc_std,test_auroc,test_auprc,test_f1
Clinical + Gene (>0.05),13,0.6215811965811966,0.06655511118254719,0.4060063061592533,0.10295177024862787,0.7342436974789917,0.4020839863843885,0.5306122448979592
Clinical Only (>0.05),1,0.646932511932512,0.10428148527071271,0.423395268573249,0.14807078524552517,0.7111344537815127,0.3789308417430899,0.5
Gene Only (>0.05),12,0.5405550005550006,0.04680377870446588,0.3102236276185153,0.055103622785446386,0.5819327731092437,0.3535955875397487,0.35555555555555557
