feature_group,n_features,cv_auroc_mean,cv_auroc_std,cv_auprc_mean,cv_auprc_std,cv_recall_mean,cv_specificity_mean,cv_accuracy_mean,test_auroc,test_auprc,test_f1,test_recall,test_specificity,test_accuracy
Clinical + Gene (>0.05),13,0.6215811965811966,0.06655511118254719,0.4060063061592533,0.10295177024862787,0.49999999992647065,0.7058823529092361,0.6574394463440332,0.7342436974789917,0.4020839863843885,0.5306122448979592,0.7647058819031142,0.660714285596301,0.6849315067554889
Clinical Only (>0.05),1,0.646932511932512,0.10428148527071271,0.423395268573249,0.14807078524552517,0.5294117646280277,0.6787330316434962,0.6435986158946851,0.7111344537815127,0.3789308417430899,0.5,0.7647058819031142,0.6071428570344388,0.6438356163501595
Gene Only (>0.05),12,0.5405550005550006,0.04680377870446588,0.3102236276185153,0.055103622785446386,0.455882352874135,0.6561085972553797,0.608996539771315,0.5819327731092437,0.3535955875397487,0.35555555555555557,0.470588235017301,0.642857142742347,0.6027397259448303
