feature_group,n_features,cv_auroc_mean,cv_auroc_std,cv_auprc_mean,cv_auprc_std,test_auroc,test_auprc,test_f1
Clinical Only (Freq>0.5),1,0.646932511932512,0.10428148527071271,0.423395268573249,0.14807078524552517,0.7111344537815127,0.3789308417430899,0.5
Clinical + Gene (Freq>0.5),9,0.6578560328560329,0.08690734179408875,0.46418429023046076,0.14022136461996076,0.671218487394958,0.3515864264780022,0.4583333333333333
Gene Only (Freq>0.5),8,0.585019425019425,0.04842022824237109,0.3828063065143407,0.04065487341393559,0.4569327731092437,0.2597479244477901,0.22727272727272727
