feature_group,n_features,cv_auroc_mean,cv_auroc_std,cv_auprc_mean,cv_auprc_std,test_auroc,test_auprc,test_f1
Clinical Only (Freq>0.5),2,0.660931290931291,0.09997351194736553,0.4465644267627663,0.14977370816648664,0.7132352941176471,0.4458719228662822,0.5
Clinical + Gene (Freq>0.5),15,0.6398490398490397,0.09580538693241057,0.4516120193158552,0.14992678613995364,0.6701680672268908,0.3600767275437304,0.4489795918367347
Gene Only (Freq>0.5),13,0.5503385503385504,0.05471816588416833,0.33942910856385733,0.06800628470043885,0.5283613445378151,0.2832478887979831,0.3111111111111111
