pathway,n_genes,n_selected,selection_rate,importance_score_mean,importance_score_median,importance_score_max,importance_score_sum,perm_importance_mean,perm_importance_median,perm_importance_max,perm_importance_sum,importance_score_normalized,perm_importance_normalized
mTOR_hsa04150,67,45,0.6716417910447762,0.07179502763454576,0.01379873010645255,0.5164487455217583,4.810266851514566,0.0015442744261883797,0.0,0.06092436974789911,0.10346638655462144,0.07179502763454576,0.0015442744261883797
p53_hsa04115,56,43,0.7678571428571429,0.06631293370769753,0.020311931026383272,0.5661221577965169,3.7135242876310617,-0.0004876950780312157,0.0,0.007352941176470562,-0.02731092436974808,0.06631293370769753,-0.0004876950780312157
MMR_hsa03430,23,20,0.8695652173913043,0.06320005990087253,0.03262967763439128,0.27662508233724087,1.4536013777200683,0.0011600292290829277,0.0,0.015126050420168036,0.026680672268907336,0.06320005990087253,0.0011600292290829277
MAPK_hsa04010,159,110,0.6918238993710691,0.0530113075335551,0.015299800315879023,0.6284563172605213,8.428797897835262,-5.285132921093645e-05,0.0,0.020588235294117595,-0.008403361344538895,0.0530113075335551,-5.285132921093645e-05
PI3K_Akt_hsa04151,351,233,0.6638176638176638,0.048598919845856216,0.013875411550176858,0.6051739375135561,17.05822086589553,0.0004572769278651571,0.0,0.047689075630252056,0.16050420168067014,0.048598919845856216,0.0004572769278651571
IGF1_signaling,43,25,0.5813953488372093,0.03847423907725089,0.009069825053231746,0.4215517136050237,1.654392280321788,-0.0017905999609146043,0.0,0.006197478991596617,-0.07699579831932798,0.03847423907725089,-0.0017905999609146043
WNT_hsa04310,174,108,0.6206896551724138,0.036881527092990876,0.006358491807042698,0.34097488589178665,6.417385714180412,0.00032418139669660405,0.0,0.02174369747899154,0.056407563025209106,0.036881527092990876,0.00032418139669660405
